code,sex1or0,age,PA150m1or0,cdrisc_total,POMmean,CMAAS_total,Resilience_personalcompetence,Resilience_tolerance,Resilience_positiveaccept,Resilience_control,Resilience_spiritual
1085,1,23,1,100,5,67,4,4,4,4,4
8,0,19,1,99,4.714285714,50,4,4,3.8,4,4
1141,0,23,1,95,3.714285714,76,3.75,3.714285714,3.8,4,4
1006,0,22,1,95,4.285714286,84,4,3.428571429,3.8,4,4
193,0,20,1,94,5,72,3.875,3.857142857,3.6,4,3
1087,0,22,1,94,4.714285714,68,3.875,3.714285714,3.8,3.666666667,3.5
1058,0,30,1,94,3.857142857,53,4,3.714285714,3.8,3.333333333,3.5
1134,1,23,0,93,4.857142857,76,3.75,3.428571429,4,4,3.5
4003,0,20,1,92,4,74,4,3.857142857,3.2,4,2.5
33,0,20,1,92,5,78,3.75,3.428571429,4,3.333333333,4
1033,1,20,0,91,3.857142857,55,3.875,3.428571429,3.6,3.666666667,3.5
1039,1,23,1,91,4.142857143,38,3.625,3.714285714,4,3.666666667,2.5
1048,0,21,1,91,5,68,4,3.428571429,4,3.333333333,2.5
1098,0,24,1,90,4,66,3.875,3.714285714,3.2,3.333333333,3.5
74,1,19,1,90,4.714285714,83,3.25,3.857142857,3.8,3.666666667,3.5
4010,0,20,0,88,4.285714286,64,4,3.714285714,2.8,3.333333333,3
148,1,21,1,88,4,68,3.75,3.571428571,3.2,3.333333333,3.5
1042,0,26,1,88,4.142857143,69,3.875,3.142857143,3.4,3.666666667,3.5
1101,0,21,1,88,4.428571429,65,3.75,3.428571429,3.8,3,3
195,1,18,0,88,3.857142857,78,3.75,3.142857143,3.8,4,2.5
1170,1,20,1,88,3.714285714,68,3.875,3,3.8,3.666666667,3
1061,0,24,1,87,4.571428571,47,3.625,3.428571429,3.6,3.333333333,3
4005,1,20,0,87,4.714285714,58,3.75,3,3.6,3.333333333,4
36,0,20,1,86,4,64,4,3,3,4,3
169,0,18,1,86,3.285714286,77,3.625,3.142857143,3.2,4,3.5
1020,0,24,1,86,4,68,3.5,3.428571429,3.4,3.333333333,3.5
1094,0,20,1,86,4.285714286,79,3.75,3.428571429,3.4,2.666666667,3.5
25,1,22,1,86,4.571428571,56,3.875,3.285714286,3.4,3.666666667,2
77,0,19,1,86,2.142857143,47,3.875,3,3.4,3.333333333,3.5
16,0,19,1,86,4.857142857,77,3.625,3.142857143,3.8,4,2
1077,1,21,1,86,3.285714286,57,3.5,3.571428571,4,2.666666667,2.5
1078,1,21,1,85,5,66,3.375,3.714285714,3.2,3.333333333,3
2003,1,20,0,85,5,41,3.375,3.285714286,3.2,3.666666667,4
1066,1,21,1,85,3.285714286,79,3.25,3.142857143,3.6,4,3.5
1018,1,20,1,85,4.142857143,74,3.375,3.428571429,3.8,3,3
90,1,21,1,85,5,66,3.75,3,4,3,2.5
219,1,19,1,84,4.142857143,53,3.125,3.571428571,3.2,4,3
4022,1,20,0,84,3.714285714,39,2.875,3.714285714,3.4,3.333333333,4
1123,0,22,1,84,3.571428571,63,3,3.714285714,3.6,3.333333333,3
221,1,20,1,84,4.428571429,72,3.125,3.142857143,3.8,3.666666667,3.5
115,0,20,1,83,4.142857143,65,3.375,3.428571429,3,3.333333333,3.5
1093,1,22,1,83,3.714285714,71,3.25,3.285714286,3.2,3.333333333,4
189,0,19,0,83,3.714285714,69,3.5,3,3.8,3.333333333,2.5
3,0,22,1,82,4,65,3,3.428571429,3.4,3.666666667,3
99,0,19,1,82,5,82,3.125,3.428571429,3.4,3.666666667,2.5
4023,0,20,1,82,4,64,3.5,3.285714286,3.4,2.666666667,3
1026,1,20,1,82,4.428571429,70,3.75,2.428571429,3.4,4,3
4002,0,19,1,82,3.428571429,76,3.5,3.142857143,3.6,3,2.5
4020,1,20,1,82,5,68,3.125,2.857142857,4,3,4
1074,0,21,1,81,2.714285714,62,2.875,3.714285714,3.2,3,3.5
1028,1,20,1,81,3.571428571,67,3.375,3,3.2,3.666666667,3
1038,0,22,1,81,5,47,3.5,2.428571429,3.2,4,4
126,1,18,1,81,4.571428571,75,3.375,3.428571429,3.4,2,3.5
72,0,18,1,81,4.285714286,61,3.5,3.142857143,3.4,2.666666667,3
1040,0,23,1,81,4,57,3.5,2.857142857,3.4,3.333333333,3
1002,0,24,1,81,4.428571429,62,3.125,3,3.6,3.666666667,3
21251,0,29,0,81,3.714285714,82,3.5,3,3.8,2.666666667,2.5
30,0,20,1,80,3.714285714,69,3.25,3.142857143,3.2,3.333333333,3
1137,1,22,1,80,3,50,3,3.142857143,3.6,3,3.5
160,0,19,0,80,3,69,3.25,3,3.6,2.666666667,3.5
211,0,21,1,79,4,53,3.625,2.857142857,2.8,3,3.5
9,0,18,1,79,5,64,3.375,3.142857143,3,3,3
1032,0,21,1,79,4.142857143,68,3.125,3.285714286,3.2,3.333333333,2.5
1158,0,20,1,79,2.857142857,65,3.25,3.285714286,3.2,3.333333333,2
1133,0,19,1,79,4.142857143,61,3.25,3.285714286,3.2,3,2.5
1008,0,25,0,79,4.857142857,66,3.125,2.857142857,3.2,3.333333333,4
118,0,18,1,79,5,67,3.5,2.714285714,3.4,3,3
85,1,19,1,79,5,57,3.5,3.285714286,3.6,2.333333333,1.5
1014,0,21,1,78,4.571428571,75,3.375,3.571428571,2.8,3,1.5
1053,0,21,1,78,3,68,3.375,3,3,3,3
1144,1,20,1,78,4,60,3.25,2.571428571,3.2,3.333333333,4
57,0,20,1,77,3.857142857,43,3.25,3.142857143,3,2.333333333,3.5
1046,1,20,1,77,3.428571429,51,2.625,3.285714286,3.2,3,4
1034,0,26,1,77,4,57,3,3.285714286,3.2,2.666666667,3
13,1,19,1,77,2.142857143,48,3.125,3.285714286,3.2,1.666666667,4
4015,0,20,1,77,3.857142857,76,3.375,2.714285714,3.4,3.333333333,2
60,1,20,0,77,3.428571429,64,3.125,2.714285714,3.6,2.333333333,4
150,0,19,1,76,3.857142857,58,3.375,3.428571429,2,2.333333333,4
29,0,19,1,76,3.428571429,68,3.625,2.857142857,2.8,2,3.5
4030,0,21,1,76,3.857142857,58,3,3,3,3.333333333,3
176,0,20,1,76,4.142857143,75,3,3,3,3.333333333,3
1068,0,21,0,76,3.571428571,80,3.25,3,3,3.333333333,2
1071,0,23,1,76,4,63,3.375,3,3,2,3.5
35,1,19,1,76,4.142857143,57,3,2.857142857,3,3,4
87,0,18,1,76,3.571428571,68,2.5,3.428571429,3.2,3.666666667,2.5
3002,1,22,1,76,4,75,2.875,2.857142857,3.2,3.333333333,3.5
1151,0,26,1,76,4.428571429,77,3.125,2.857142857,3.2,3,3
4028,0,20,1,76,3.857142857,2,3.125,2.857142857,3.2,3,3
55,1,21,1,76,1.714285714,75,3.125,2.714285714,3.8,2.666666667,2.5
100,0,19,1,75,4.714285714,55,3.25,2.857142857,2.8,3,3
1124,0,24,0,75,2.285714286,53,3.5,3.428571429,3,2.666666667,0
1043,0,24,1,75,3.714285714,79,3.125,3,3,2.666666667,3
3001,1,21,1,75,4,73,2.875,2.714285714,3,3.333333333,4
205,0,20,0,75,2.285714286,55,3.375,2.571428571,3,3,3
21,0,19,1,75,3.428571429,49,3.125,3.285714286,3.2,2.666666667,1.5
1229,0,21,1,75,2.428571429,63,3.25,3,3.2,2.666666667,2
119,0,20,1,75,4.285714286,59,3,2.857142857,3.2,3.666666667,2
4001,0,21,1,75,4.142857143,77,3,2.857142857,3.2,3,3
164,0,21,1,75,3.571428571,68,3.5,2.571428571,3.2,2.666666667,2.5
143,0,20,1,75,4.285714286,47,3.25,3.142857143,3.6,1,3
23,0,20,1,74,3.857142857,39,2.875,3,3,3,3
1152,1,22,1,74,2.857142857,61,2.75,3,3,2.666666667,4
1021,1,24,0,74,3.428571429,86,3.125,2.571428571,3,3,3.5
1138,1,22,1,74,4.285714286,57,3,3.285714286,3.2,2.666666667,1.5
71,0,22,0,74,5,69,3,2.571428571,3.2,3.333333333,3
102,1,18,1,74,4,75,3.125,2.571428571,3.2,3.333333333,2.5
210,1,19,1,74,4,70,3,2.428571429,3.2,3.666666667,3
1143,0,22,0,74,4.142857143,51,3,2.428571429,3.2,3.333333333,3.5
1064,1,20,1,74,4,76,3,2.571428571,3.8,2.666666667,2.5
1027,0,20,1,73,3,69,3,3.428571429,2.4,2.666666667,2.5
1079,0,20,0,73,3.571428571,44,3.125,3.428571429,2.4,2.666666667,2
1059,1,24,1,73,4.285714286,65,3,2.857142857,3.2,2.666666667,2.5
1086,0,25,1,73,4,64,3,2.714285714,3.2,3,2.5
142,1,23,1,73,3.714285714,64,2.75,2.571428571,3.2,3.333333333,3.5
1004,0,24,1,73,4,61,3,3,3.4,2.333333333,2
111,1,23,0,73,4.285714286,74,2.875,2.571428571,3.4,3,3
208,1,22,1,72,3,55,3.125,3.285714286,2.2,2,3.5
68,1,21,1,72,4,63,2.875,3.142857143,2.8,3,2
114,1,20,1,72,4.142857143,39,2.625,3.142857143,2.8,2.666666667,3.5
113,1,18,1,72,3.428571429,54,3.125,2.571428571,2.8,3,3
1115,1,24,1,72,3.142857143,54,2.875,2.857142857,3,3,2.5
175,1,19,1,72,3,40,3.5,2.428571429,3,2.333333333,2.5
146,0,22,1,72,4,80,2.75,2.857142857,3.2,3,2.5
1155,1,24,0,72,4.142857143,67,2.5,2.857142857,3.2,2.666666667,4
1130,1,20,0,72,4.714285714,67,2.375,2.714285714,3.2,3.333333333,4
203,0,20,0,72,4,77,2.75,2.714285714,3.6,2.333333333,3
1145,1,22,1,71,4.142857143,40,2.625,3.142857143,2.8,3,2.5
144,0,21,0,71,3.857142857,62,2.875,2.857142857,2.8,2.666666667,3
1099,0,22,1,71,3.714285714,71,2.5,3.571428571,3,1.666666667,3
1132,1,22,0,71,3.857142857,57,2.625,2.857142857,3,3,3
136,1,20,1,71,3.571428571,65,2.875,2.714285714,3,2.666666667,3
214,1,18,1,71,3,42,2.75,2.571428571,3,3.333333333,3
1150,1,28,1,71,3,44,2.375,2.857142857,3.4,3,3
177,1,21,1,71,2.142857143,51,3.5,2,3.4,2.666666667,2
1022,1,20,1,70,2.857142857,59,3.125,3,2.6,1.333333333,3.5
1147,1,20,0,70,3.571428571,71,2.625,2.857142857,2.6,3.666666667,2.5
40,1,20,1,70,3.571428571,82,2.75,3,2.8,2.333333333,3
1167,1,22,1,70,3.857142857,51,2.75,2.857142857,2.8,2.666666667,3
21234,0,21,1,70,3.857142857,47,3,2.714285714,2.8,2.666666667,2.5
157,1,19,0,70,3,54,2.875,2.571428571,2.8,3,3
1084,1,29,1,70,4,67,3,2.428571429,2.8,2.666666667,3.5
1154,1,21,1,70,4,62,3,2.857142857,3,2.333333333,2
1025,1,22,1,70,3.857142857,57,2.875,2.714285714,3,2.666666667,2.5
1055,0,22,1,70,3.428571429,57,2.75,2.857142857,3.2,2.333333333,2.5
1005,0,22,1,70,3.857142857,54,2.5,2.285714286,3.6,3,3.5
1063,1,21,0,69,3.857142857,53,2.75,3.285714286,2,2.666666667,3
158,0,20,1,69,4.571428571,65,3.5,2.857142857,2.6,2,1
19,1,18,1,69,4.142857143,50,2.75,3,2.8,2.333333333,2.5
1105,1,26,0,69,3.714285714,53,2.75,2.857142857,2.8,2.333333333,3
1157,1,23,0,69,4,81,2.625,2.714285714,2.8,2.666666667,3.5
1091,1,21,0,69,3.285714286,75,2.875,2.714285714,2.8,2.666666667,2.5
53,1,19,0,69,4.571428571,69,2.875,2.571428571,2.8,3.333333333,2
196,1,21,1,69,3.428571429,58,3.125,2.714285714,3,1.666666667,2.5
1009,0,22,1,69,2.857142857,57,2.875,2.428571429,3,3,2.5
192,1,22,1,69,3,39,2.625,2.142857143,3,3.666666667,3.5
128,0,19,1,69,4,65,3.125,2.142857143,3,3,2.5
1109,0,20,1,69,2.857142857,46,2.75,2.571428571,3.2,2.666666667,2.5
14,0,19,0,69,4.428571429,56,2.875,2.571428571,3.2,2.666666667,2
96,1,19,1,69,3.857142857,47,2.875,2.428571429,3.2,2.666666667,2.5
31,0,21,0,68,3.714285714,57,3.125,2.571428571,2.2,3,2.5
1080,1,21,0,68,3.428571429,70,3.25,2.571428571,2.4,3,1.5
1149,1,21,0,68,3.428571429,60,2.5,2.714285714,2.6,3,3.5
89,0,20,1,68,3.285714286,54,2.5,2.857142857,3,2.666666667,2.5
1029,0,24,0,68,3.285714286,62,2.75,2.714285714,3,2.666666667,2
1160,0,24,1,68,3.571428571,61,2.5,2.571428571,3,3.333333333,2.5
137,1,23,1,68,4,55,2.5,2.571428571,3,3,3
1003,0,22,1,68,3.857142857,66,2.75,2.285714286,3,3,3
166,0,19,1,68,4,59,2.75,2.571428571,3.2,2.333333333,2.5
64,1,19,0,68,3.714285714,60,2.75,2.428571429,3.2,3,2
1110,1,22,0,68,3.285714286,63,2.625,2.857142857,3.4,2.666666667,1
1024,0,20,1,68,4,52,2.5,2.857142857,3.4,2.333333333,2
28,0,20,1,68,2.857142857,66,2.625,2.428571429,3.4,2,3.5
108,0,20,1,68,4,80,2.75,2.571428571,3.6,1.333333333,3
1,0,21,0,67,3.285714286,39,3.25,2.857142857,2.2,2.333333333,1.5
86,1,20,0,67,2.714285714,47,2.75,2.571428571,2.4,3,3
161,0,20,1,67,3,79,2.375,2.857142857,2.6,3,3
1083,0,20,1,67,4,79,2.875,2.285714286,2.6,3,3
155,1,18,1,67,3.428571429,50,3.375,2,2.6,2,3.5
152,0,20,1,67,3,65,2.625,2.857142857,2.8,2.333333333,2.5
212,1,19,1,67,4,71,2.625,2.714285714,2.8,2.666666667,2.5
62,0,20,1,67,4,62,2.625,2.571428571,2.8,2.333333333,3.5
21233,0,21,1,67,3.714285714,60,2.75,2.428571429,3,2.666666667,2.5
1096,0,22,1,67,3.857142857,59,2.75,2.857142857,3.2,1.666666667,2
12,1,19,1,67,2.571428571,57,2.375,2.714285714,3.2,2.666666667,2.5
1010,1,22,1,67,4,66,2.125,3.142857143,3.4,2.333333333,2
1060,0,20,1,66,3.285714286,61,2.875,3.285714286,1.8,2.333333333,2
220,1,20,1,66,3.571428571,40,2.75,3.285714286,2.4,1.666666667,2
1116,1,21,0,66,2.142857143,55,3.125,2.571428571,2.4,3,1
151,0,19,1,66,3.428571429,67,2.625,2.857142857,2.6,2,3
1023,1,20,0,66,3.857142857,58,2.75,2.714285714,2.6,2.333333333,2.5
180,0,21,1,66,2.857142857,42,2.375,2.714285714,2.8,3,2.5
185,1,20,1,66,2.285714286,41,2.5,2.428571429,2.8,3.333333333,2.5
133,0,19,1,66,3.714285714,72,2.5,2.857142857,3,2,2.5
4,0,19,1,66,4.857142857,73,2.625,2.714285714,3,2.333333333,2
1012,0,22,1,66,3.714285714,62,2.625,2.428571429,3,2.333333333,3
67,0,21,1,66,2.857142857,47,2.625,2.571428571,3.2,2,2.5
105,0,21,0,65,3.142857143,53,2.5,2.714285714,2.2,3,3
1120,0,23,1,65,2.857142857,38,2.75,2.571428571,2.4,2.333333333,3
76,0,20,1,65,4.285714286,74,2.375,2.857142857,2.8,3,1.5
1076,0,22,1,65,3.285714286,64,2.375,2.714285714,2.8,3,2
167,1,22,1,65,4,65,2.75,2.571428571,2.8,2.333333333,2
1166,1,22,1,65,3.857142857,53,2.5,2.857142857,3,2.333333333,1.5
173,0,21,1,65,3.428571429,60,2.5,2.571428571,3,2.333333333,2.5
92,1,21,1,65,3.714285714,64,2.875,2.571428571,3,1.666666667,2
69,0,20,1,65,2.285714286,51,2.625,2.428571429,3,2.666666667,2
204,0,19,1,65,3.857142857,58,2.375,2.428571429,3.2,3,2
70,0,19,1,64,2.571428571,42,2.875,2.714285714,2,2.666666667,2
20,0,20,1,64,3.714285714,45,2.625,2.857142857,2.4,2.666666667,1.5
1125,1,27,0,64,3.142857143,64,3,2.285714286,2.4,2.666666667,2
110,0,20,1,64,3.428571429,44,2.75,2.857142857,2.6,1.666666667,2
1052,0,20,1,64,3.142857143,51,2.625,2.571428571,2.6,2.666666667,2
51,1,19,1,64,4,73,2.75,2.571428571,2.8,2.333333333,1.5
181,1,19,1,64,3.714285714,68,2.75,2.428571429,2.8,2.333333333,2
46,0,20,1,64,3,65,2.5,2.571428571,3,2,2.5
27,0,20,1,64,4,73,2.625,2.142857143,3,2.666666667,2.5
1072,0,21,0,63,3.142857143,40,3,2.857142857,1.8,1.666666667,2.5
1011,1,22,1,63,2.714285714,60,2.375,3.142857143,2.2,2,2.5
1036,0,21,1,63,4,55,2.75,2.714285714,2.4,2.333333333,1.5
1001,1,22,1,63,2.428571429,59,2.75,2.571428571,2.4,2,2.5
1102,0,21,1,63,3.285714286,76,3,2.142857143,2.4,2.333333333,2.5
1069,1,21,1,63,4.142857143,59,2.625,2.571428571,2.6,2.666666667,1.5
32,0,20,1,63,2.142857143,69,2.25,2.428571429,2.6,3,3
107,1,22,1,63,4,67,2.75,2.428571429,2.6,2.666666667,1.5
1049,0,22,1,63,4,64,2.75,2.285714286,2.6,2.333333333,2.5
120,1,19,1,63,3,53,2.75,2.285714286,2.6,2,3
7,1,19,1,63,3.428571429,55,2.875,2.142857143,2.6,2.333333333,2.5
186,0,19,1,63,3.857142857,66,2.25,2.571428571,3.2,2,2.5
165,1,19,1,62,2.428571429,40,2.5,2.714285714,2,3,2
1108,0,21,1,62,3.285714286,44,2.875,2.571428571,2.2,2.333333333,1.5
79,0,20,1,62,3.285714286,53,2.5,3,2.4,1.666666667,2
6,1,19,1,62,3.285714286,41,2.625,2.571428571,2.4,2,2.5
1228,1,24,1,62,3.714285714,65,2.375,2.142857143,2.6,3.333333333,2.5
112,1,19,1,62,3,58,2.375,2.571428571,2.8,1.666666667,3
182,0,21,1,62,3.142857143,67,2.75,2.571428571,2.8,1.666666667,1.5
1007,0,21,0,62,2.714285714,55,2.75,2.142857143,2.8,2,2.5
1159,0,20,1,62,2.428571429,63,2.25,2.428571429,3,2.666666667,2
1047,0,22,0,61,3,61,2.75,2.571428571,2.2,1.666666667,2.5
1126,1,21,0,61,3.285714286,69,3,2.428571429,2.2,1.666666667,2
37,0,20,1,61,3.714285714,50,2.5,2.285714286,2.2,3,2.5
123,0,20,1,61,3.857142857,41,2.625,2.857142857,2.4,2,1
1015,0,22,1,61,4.857142857,67,2,2.714285714,2.4,3,2.5
1114,1,26,1,61,2.571428571,39,2,2.714285714,2.6,1.666666667,4
38,1,19,1,61,3.714285714,54,2.25,2.571428571,2.6,3,1.5
52,0,19,1,61,4,70,2.375,2.285714286,2.6,2.333333333,3
129,0,20,1,61,3,56,2.875,2.285714286,2.6,2,1.5
1030,0,23,1,61,2,52,1.875,2.857142857,2.8,2.333333333,2.5
1146,1,23,1,61,1.857142857,52,2.25,2.857142857,2.8,1.666666667,2
1112,1,20,1,61,3.714285714,60,2,2.714285714,2.8,2,3
179,1,20,1,61,2.571428571,51,2.5,2.571428571,2.8,1.333333333,2.5
1119,1,21,1,61,3.857142857,84,2,2.428571429,2.8,3,2.5
48,0,22,1,61,2.857142857,56,2.75,2.428571429,2.8,2,1
1169,1,21,1,60,3,65,2.625,2.142857143,2.2,2.666666667,2.5
101,0,19,1,60,4,36,2,3.142857143,2.4,1.333333333,3
75,1,18,1,60,3.428571429,51,2.375,2.714285714,2.4,1.666666667,2.5
54,0,19,1,60,3.714285714,53,2.25,2.714285714,2.4,1.333333333,3.5
1065,1,22,1,60,2.571428571,65,2.5,2.428571429,2.4,2,2.5
140,0,18,1,60,3.571428571,55,2.625,2.428571429,2.4,2,2
91,0,21,1,60,2.857142857,67,2.375,2.285714286,2.4,2,3.5
1017,1,20,0,60,3.142857143,43,2.25,2.285714286,2.6,3,2
202,0,20,1,60,2.714285714,44,2.5,2.285714286,2.6,2,2.5
1103,0,21,0,60,3,60,2.75,2.142857143,2.6,2.333333333,1.5
39,0,18,1,60,3.142857143,56,2.625,2.142857143,2.6,2,2.5
1171,1,20,0,60,3.857142857,62,2.25,2.571428571,2.8,1.666666667,2.5
145,0,20,1,59,2.428571429,53,2.5,2.857142857,2,1.666666667,2
65,0,19,0,59,3.285714286,53,2.75,2.285714286,2,2.333333333,2
1095,0,24,1,59,3.571428571,54,2.125,2.857142857,2.2,1.666666667,3
1135,0,23,1,59,3.714285714,52,2.375,2.285714286,2.2,2.666666667,2.5
18,0,19,1,59,4,64,2.5,2.142857143,2.2,2.666666667,2.5
4008,0,23,0,59,3,58,2.375,2.571428571,2.4,1.666666667,2.5
190,0,20,1,59,2.571428571,47,2.625,2.428571429,2.4,1.666666667,2
56,1,18,0,59,3.857142857,60,2.625,2.285714286,2.4,2.333333333,1.5
1139,1,22,1,59,3,74,2.5,2,2.4,2.333333333,3
1162,1,22,1,59,3.285714286,63,2.5,2,2.4,2.333333333,3
15,0,18,1,59,2.857142857,46,2.125,2.714285714,2.6,1.333333333,3
1070,1,20,1,59,2.857142857,53,2.875,1.857142857,2.6,2,2
58,1,19,1,59,4,70,2.25,1.714285714,2.6,3.333333333,3
1129,0,23,1,59,4.142857143,55,2,2.857142857,2.8,1.333333333,2.5
84,1,18,0,59,3.428571429,68,2.375,2.428571429,3.2,1,2
5,1,19,1,58,3.428571429,48,2.375,2.571428571,2.2,2.333333333,1.5
47,0,20,1,58,2.857142857,40,2.75,2.285714286,2.2,1.666666667,2
141,0,19,1,58,3,41,2.875,1.714285714,2.2,2.666666667,2
50,0,18,1,58,2.857142857,50,2.25,2.571428571,2.4,2.666666667,1
1016,1,22,1,58,2.428571429,74,2.25,2.428571429,2.6,1.666666667,2.5
183,0,21,0,58,3.428571429,68,2.25,2.285714286,2.6,1.666666667,3
45,0,20,0,58,3.857142857,45,2.125,2.285714286,2.8,2.666666667,1.5
1100,1,23,1,58,3.714285714,69,2.375,1.857142857,2.8,2.666666667,2
1097,1,21,0,57,2.428571429,52,2.25,2.857142857,1.8,1.666666667,2.5
1013,1,24,1,57,3.142857143,64,2.625,1.857142857,2,3,2
153,0,19,1,57,3.571428571,65,2.125,2.428571429,2.4,2,2.5
94,1,23,1,57,2.571428571,52,2.5,2.571428571,2.6,1.333333333,1
159,0,21,1,57,3,51,2.25,2.428571429,2.6,1,3
1140,1,30,0,57,4,68,2.375,2.142857143,2.6,1.666666667,2.5
1044,0,20,1,57,3.714285714,76,2.5,2.142857143,2.6,1.333333333,2.5
1037,1,20,0,57,2.857142857,42,1.625,2.857142857,2.8,1.666666667,2.5
1231,0,23,1,56,2.857142857,56,2.125,2.428571429,1.4,2,3
17,0,21,1,56,1.571428571,35,2.625,3,1.4,1,2
1051,0,20,1,56,3.142857143,53,2.375,2.285714286,2,1.666666667,3
1122,0,22,1,56,2.857142857,50,2,2.857142857,2.2,1.666666667,2
4004,0,20,1,56,3,61,1.75,2.428571429,2.2,2.333333333,3.5
61,1,19,1,56,3.142857143,50,2.25,2.428571429,2.2,2,2
131,0,21,1,56,2.571428571,42,2.5,2,2.2,2.333333333,2
95,1,20,0,56,2.571428571,46,2.625,2,2.2,1.666666667,2.5
80,1,19,1,56,3.428571429,69,2.375,1.857142857,2.4,2.666666667,2
130,0,20,1,56,4,49,1.75,2,3,2.666666667,2.5
1092,1,30,1,56,3.428571429,57,1.75,1.714285714,3.4,2.333333333,3
26,1,20,1,55,2.571428571,58,2.25,2.285714286,1.8,2,3
1230,0,26,1,55,4,59,2.25,2.428571429,2,2,2
66,0,20,0,55,2.714285714,40,2.625,2.428571429,2,2,0.5
194,0,22,0,55,3.285714286,61,2.375,2.285714286,2,2,2
2,1,21,0,55,3,50,2,2,2.2,2.666666667,3
1081,1,22,0,55,2.857142857,69,2.25,1.857142857,2.2,2.666666667,2.5
1057,1,22,1,55,3.571428571,55,2.125,2.571428571,2.4,2,1
43,0,23,0,55,3,54,1.875,2.428571429,2.4,1.666666667,3
1131,0,22,1,55,4,53,2.25,2,2.4,2.333333333,2
218,1,20,0,55,3.142857143,62,2,1.857142857,2.4,2.666666667,3
184,1,22,0,55,3.714285714,57,2.25,2.285714286,2.8,1.333333333,1.5
106,0,20,0,55,2,70,2.125,2.142857143,2.8,2.333333333,1
1045,0,24,1,55,3.428571429,62,2.25,1.857142857,2.8,2,2
1106,0,22,1,54,2.714285714,44,1.75,2.857142857,2,2,2
216,1,21,0,54,3,79,2,2.285714286,2,2,3
4016,1,21,1,54,3,61,2.125,2.142857143,2,2.333333333,2.5
1035,0,23,1,54,3.428571429,56,1.875,2.428571429,2.2,2.333333333,2
1031,1,23,0,54,3.714285714,44,1.875,2.428571429,2.2,1.666666667,3
4013,0,22,1,54,3.857142857,55,2,2.285714286,2.2,2,2.5
4012,0,20,0,54,3.428571429,59,2.25,2.285714286,2.4,1.333333333,2
93,1,19,1,54,2.857142857,51,2.375,2.285714286,2.4,1,2
207,1,18,1,54,2.714285714,49,2.25,2.142857143,2.4,1,3
198,1,21,1,54,2.571428571,62,2.125,2,2.4,1.666666667,3
1172,1,20,1,54,3,77,1.75,2.285714286,2.6,1.666666667,3
1104,1,20,1,54,3.571428571,50,1.875,2.142857143,2.6,2,2.5
82,1,20,1,54,3.857142857,54,2.375,2.142857143,2.6,1.666666667,1
117,0,19,1,54,2.714285714,51,2.25,2,2.6,1.333333333,2.5
34,0,21,1,53,3,39,2.375,2.142857143,1.8,1.666666667,2.5
4019,0,20,1,53,2.285714286,63,2,2.571428571,2.2,1.333333333,2
149,0,20,1,53,3.857142857,50,2.25,2.285714286,2.2,1.333333333,2
1062,0,21,1,53,2.857142857,55,1.625,2.571428571,2.4,2.333333333,1.5
1127,0,22,1,53,3.857142857,60,2,2.142857143,2.4,2,2
1128,1,23,0,53,2.857142857,54,2,2,2.4,2,2.5
1019,0,20,1,53,3.857142857,45,2,2.285714286,2.8,1.666666667,1
4021,1,21,0,53,2.714285714,73,2.125,1.571428571,2.8,1.666666667,3
124,0,21,1,53,2.571428571,60,1.875,2.142857143,3,0.666666667,3
1185,0,21,0,52,3,48,2.125,2.428571429,2,1.333333333,2
222,0,21,0,52,3.285714286,79,2.125,2.428571429,2.2,1.666666667,1
1232,1,28,0,52,3.142857143,41,2.125,2.285714286,2.2,1.333333333,2
1090,0,21,0,52,3.285714286,70,1.625,2.285714286,2.4,2.333333333,2
1050,1,23,0,52,3,67,2,2.142857143,2.4,1.666666667,2
22,1,23,0,52,3.571428571,62,2.375,1.571428571,2.6,1.666666667,2
81,1,20,0,52,4,53,2,1.714285714,2.8,2,2
168,0,18,1,51,3.142857143,56,2.5,2.142857143,1.4,2,1.5
171,1,18,1,51,2,45,2,2,2,1.666666667,3
163,0,22,1,51,3.714285714,52,1.875,2,2.4,2,2
138,1,21,0,51,3.142857143,58,1.875,1.714285714,2.4,2,3
4029,0,22,1,51,3.714285714,62,1.875,2.285714286,3.2,0.333333333,1.5
213,1,19,1,50,3.571428571,60,1.875,1.857142857,1.6,2.666666667,3
1089,1,21,1,50,2.428571429,57,2,2.285714286,1.8,1.666666667,2
223,0,24,0,50,3.285714286,62,2.375,1.714285714,1.8,1.333333333,3
116,1,19,1,50,2.714285714,64,1.875,2.428571429,2,1,2.5
2005,0,20,0,50,3,60,1.75,2.142857143,2,2.333333333,2
4017,0,20,0,50,3.714285714,61,2.125,2,2,1.666666667,2
1041,0,25,0,50,2.285714286,42,1.75,2.142857143,2.2,2,2
78,0,21,0,50,2.428571429,50,1.625,2.142857143,2.2,1.666666667,3
1165,1,22,1,49,3.857142857,59,1.625,2.428571429,2,1.666666667,2
139,0,20,0,49,3,47,2,1.857142857,2,2,2
1107,0,21,0,49,3.142857143,55,2,2.142857143,2.4,0.666666667,2
4025,1,20,0,49,3.857142857,68,1.875,1.857142857,2.4,2,1.5
154,1,19,1,49,3.857142857,47,1.875,1.571428571,2.4,2.666666667,1.5
1067,0,23,1,49,3.714285714,51,1.75,1.714285714,2.6,2.333333333,1.5
44,1,20,0,48,1.428571429,64,2.125,2.142857143,1.6,1.333333333,2
73,1,22,0,48,2,42,2.375,2,1.6,1,2
1168,1,20,1,48,2.714285714,60,1.875,2.142857143,2,1,2.5
1056,1,23,1,48,3.142857143,53,1.875,1.857142857,2.2,2,1.5
122,0,20,1,48,2.428571429,71,2,1.857142857,2.2,1.666666667,1.5
1142,1,21,0,48,3.714285714,64,2.25,1.714285714,2.2,2,0.5
4014,0,21,0,48,3.142857143,65,1.875,1.714285714,2.4,1.666666667,2
4006,1,20,1,47,3,43,1.25,2.571428571,1.4,2,3
2004,1,20,0,47,2.857142857,89,1.875,2,1.8,2,1.5
1136,1,21,1,47,3,52,1.75,1.857142857,2,1.666666667,2.5
147,1,19,1,47,3.285714286,61,2,1.571428571,2,2,2
1113,1,21,1,47,3,51,2,2.285714286,2.2,0.333333333,1.5
178,0,21,1,47,3.142857143,53,1.875,1.714285714,2.4,1.333333333,2
1156,1,21,0,47,3.857142857,53,1.5,1.857142857,2.6,1.666666667,2
188,1,18,1,46,2.857142857,51,1.75,2,1.4,1,4
3003,1,21,0,46,3.285714286,36,1.5,1.857142857,1.8,1.666666667,3.5
49,1,19,1,46,2.571428571,45,1.625,1.857142857,2,1.666666667,2.5
125,1,20,1,46,3,69,1.75,1.714285714,2,2,2
97,0,20,1,46,3,66,1.75,1.714285714,2,1.666666667,2.5
162,1,19,0,45,2.428571429,41,1.75,2.142857143,1.6,1.333333333,2
4018,1,20,1,45,3,60,1.875,2,1.6,1.333333333,2
200,1,18,1,45,2.714285714,48,2.375,1.142857143,1.8,1.333333333,2.5
1164,0,21,1,45,2.857142857,55,1.25,2.428571429,2,1,2.5
172,0,20,1,45,1.857142857,52,1.75,2,2,1.333333333,1.5
199,1,22,0,45,3.428571429,41,1.375,1.857142857,2.6,1.333333333,2
104,0,19,0,44,2,48,1.625,2.285714286,1.6,1.333333333,1.5
59,1,20,1,44,2.857142857,45,1.25,2,1.8,2,2.5
4011,0,20,1,44,2.714285714,52,1,2.285714286,2,1.333333333,3
1117,1,21,1,44,2.428571429,55,1.5,2,2,1.333333333,2
1161,1,22,0,44,2,62,1.375,1.857142857,2,1,3.5
109,0,18,1,44,3,46,1.75,1.857142857,2,1,2
1054,0,22,1,44,4,58,1.5,1.714285714,2,2,2
135,0,20,1,44,2.714285714,42,1.875,1.285714286,2.2,1.666666667,2
1121,1,22,0,44,2.714285714,48,1.375,2.142857143,2.4,1.333333333,1
174,0,20,0,43,2.142857143,57,1.5,2.285714286,1.8,0.666666667,2
170,1,24,0,43,1.857142857,43,1.75,1.571428571,2,1.666666667,1.5
103,0,19,1,43,2.285714286,62,1.5,1.571428571,2.2,1.333333333,2.5
2001,1,21,0,42,2.857142857,61,1.75,1.857142857,1.6,1.666666667,1
197,1,20,1,42,2.285714286,47,1.75,1.571428571,1.6,1.333333333,2.5
206,1,19,1,42,2.428571429,57,1.375,1.857142857,1.8,1.666666667,2
209,1,19,0,42,3,54,1.5,1.428571429,1.8,1.666666667,3
42,0,19,1,42,2,55,2.125,1.428571429,1.8,1,1.5
11,1,19,0,41,2.285714286,58,1.625,1.857142857,1.6,1.666666667,1
217,1,18,1,41,3.714285714,49,1.5,1,2.4,1.666666667,2.5
24,1,22,1,41,2.714285714,75,1.125,1.571428571,2.6,1.666666667,1.5
41,1,18,1,40,2,25,1.75,1.857142857,1.4,1,1.5
1153,0,23,1,40,3,45,0.875,2.285714286,1.8,1,2.5
4009,1,20,1,40,2.142857143,50,1.875,1,2,1.333333333,2
215,1,19,1,39,2.428571429,62,1.875,1.571428571,1.4,2,0
132,1,19,1,39,2.142857143,56,1.375,2.142857143,1.6,1,1
121,1,21,0,39,2.142857143,59,1.125,1.571428571,2,2,1.5
191,0,19,1,38,2,40,1.25,1.857142857,1.6,1.333333333,1.5
63,0,20,1,38,2.571428571,48,1.875,1.428571429,1.6,1,1
21253,0,23,0,37,1.142857143,64,1.125,2,1.4,1.333333333,1.5
1148,1,20,0,37,2.285714286,60,1.25,1.571428571,1.8,1,2
4024,0,22,1,36,2.714285714,68,1.125,1.857142857,1.4,0.666666667,2.5
127,1,19,1,36,2.285714286,47,0.875,1.428571429,1.8,1.666666667,2.5
1111,0,22,1,35,2,41,1.125,1.714285714,1.6,1,1.5
83,0,21,0,35,2,67,1.125,1.428571429,1.6,1,2.5
187,0,20,1,34,2,43,1,1.428571429,1.4,1.333333333,2.5
10,0,21,1,33,1.571428571,61,1.625,1.857142857,0.2,0.666666667,2
201,0,21,1,33,3.285714286,49,1.25,1.857142857,1,0.666666667,1.5
88,1,21,0,32,1.714285714,46,0.875,1.714285714,1.2,0.666666667,2.5
156,0,20,1,32,2.285714286,46,0.875,1.142857143,1.8,1.333333333,2
4026,0,20,1,30,2.142857143,67,1.125,1.571428571,1.2,0.666666667,1
4007,0,21,1,27,2.571428571,45,0.875,1.285714286,1.2,0.666666667,1.5
134,0,21,1,26,2,46,0.875,1.285714286,1.2,0.666666667,1
98,0,23,0,20,2.714285714,53,0.875,1.142857143,0.8,0,0.5
1088,0,23,0,12,1.285714286,51,0.375,0.571428571,0.8,0.333333333,0